sample_id,pattern_type,pitch,true_x,true_y,difficulty
train_0000,periodic,8,63.0,176.0,hard
train_0001,aperiodic,8,165.0,213.0,medium
train_0002,periodic,8,33.0,55.0,hard
train_0003,aperiodic,16,209.0,39.0,medium
train_0004,periodic,12,80.0,79.0,hard
train_0005,aperiodic,8,160.0,206.0,medium
train_0006,periodic,12,150.0,126.0,hard
train_0007,aperiodic,8,109.0,132.0,medium
train_0008,periodic,16,83.0,111.0,hard
train_0009,aperiodic,12,91.0,116.0,medium
train_0010,periodic,16,119.0,117.0,hard
train_0011,aperiodic,16,172.0,177.0,medium
train_0012,periodic,8,45.0,62.0,hard
train_0013,aperiodic,12,198.0,120.0,medium
train_0014,periodic,8,40.0,52.0,hard
train_0015,aperiodic,12,48.0,183.0,medium
train_0016,periodic,16,87.0,125.0,hard
train_0017,aperiodic,16,199.0,58.0,medium
train_0018,periodic,16,109.0,121.0,hard
train_0019,aperiodic,8,62.0,162.0,medium
train_0020,periodic,12,71.0,220.0,hard
train_0021,aperiodic,16,102.0,128.0,medium
train_0022,periodic,12,35.0,222.0,hard
train_0023,aperiodic,16,180.0,58.0,medium
train_0024,periodic,8,115.0,129.0,hard
train_0025,aperiodic,12,48.0,198.0,medium
train_0026,periodic,8,49.0,131.0,hard
train_0027,aperiodic,12,40.0,200.0,medium
train_0028,periodic,8,208.0,56.0,hard
train_0029,aperiodic,16,61.0,139.0,medium
train_0030,periodic,8,152.0,198.0,hard
train_0031,aperiodic,8,186.0,154.0,medium
train_0032,periodic,12,58.0,33.0,hard
train_0033,aperiodic,8,185.0,65.0,medium
train_0034,periodic,16,175.0,76.0,hard
train_0035,aperiodic,12,219.0,107.0,medium
train_0036,periodic,12,158.0,40.0,hard
train_0037,aperiodic,12,44.0,200.0,medium
train_0038,periodic,12,132.0,188.0,hard
train_0039,aperiodic,16,76.0,220.0,medium
